{"cameraMode":{"drawMode":0,"name":"Shaded","section":"Shading Mode"},"sceneLighting":true,"audioPlay":false,"sceneViewState":{"m_AlwaysRefresh":false,"showFog":true,"showSkybox":true,"showFlares":true,"showImageEffects":true,"showParticleSystems":true,"showVisualEffectGraphs":true,"m_FxEnabled":true},"in2DMode":false,"pivot":{"x":-1.950316071510315,"y":0.7217263579368591,"z":0.5192291736602783},"rotation":{"x":0.09574121236801148,"y":0.049574367702007297,"z":-0.004762729164212942,"w":0.9942234754562378},"size":1.496244192123413,"orthographic":false}