{"cameraMode":{"drawMode":0,"name":"Shaded","section":"Shading Mode"},"sceneLighting":true,"audioPlay":false,"sceneViewState":{"m_AlwaysRefresh":false,"showFog":true,"showSkybox":true,"showFlares":true,"showImageEffects":true,"showParticleSystems":true,"showVisualEffectGraphs":true,"m_FxEnabled":true},"in2DMode":false,"pivot":{"x":0.21494904160499574,"y":1.2851587533950806,"z":-0.9823885560035706},"rotation":{"x":0.11523815989494324,"y":0.01372193917632103,"z":-0.0016202632104977966,"w":0.9932873249053955},"size":0.9401924014091492,"orthographic":false}